pair_id,profile_id,job_id,split,target,pred_high_recall_calibrated_scorer,skill_overlap,requirement_coverage,role_match,experience_match,experience_gap_years,language,role_family,experience_band,matched_skills,missing_skills
c1966cac7f07407a22a5fe7a,85257,afd19ed0-083b-47d8-be58-e9779e50e3af,validation,70.19999999999999,72.25267350243175,0.1,0.5,1.0,1.0,0.0,EN,software_engineering,profile:entry|job:entry,"[""node.js""]","[""experience using node js developer""]"
6b2ec14c33e34197a0430050,25798,afd19ed0-083b-47d8-be58-e9779e50e3af,validation,70.67,71.9630931231958,0.111111,0.5,1.0,1.0,0.0,EN,software_engineering,profile:entry|job:entry,"[""node.js""]","[""experience using node js developer""]"
93a8e5792dfbd972a8750d13,70756,2c65d27f-1d88-4230-91f6-bbc56dd7ce21,validation,100.0,70.0,0.25,0.5,1.0,0.75,1.5,UNKNOWN,other,profile:entry|job:junior,"[""data analysis"", ""sql""]","[""1-3 years of experience"", ""business analysis""]"
28d946b09f0bbf23c54963db,8127,2c65d27f-1d88-4230-91f6-bbc56dd7ce21,validation,73.64,73.80298900736706,0.181818,0.5,1.0,1.0,0.0,UNKNOWN,other,profile:junior|job:junior,"[""data analysis"", ""sql""]","[""1-3 years of experience"", ""business analysis""]"
4682c00ec6d70a22eb535e3a,69432,6b655dc8-9398-4643-98e9-8002444d2749,validation,78.3,82.33125615222868,0.181818,0.666667,1.0,1.0,0.0,EN,other,profile:entry|job:entry,"[""cd"", ""ci""]","[""no specific requirements were found in the provided data""]"
a2727465db717304a872f042,22525,fddd0a56-64d7-4a4c-be49-44f2bb0ad217,validation,73.0,73.12198036260733,0.166667,0.5,1.0,1.0,0.0,EN,backend,profile:entry|job:entry,"[""java"", ""sql""]","[""proficiency in crafting and optimizing complex sql queries"", ""strong analytical and problem solving skills""]"
a7a9b107da2e3c1944394493,27772,70f8dce0-a74d-4f4d-ac9e-15363adf2ad8,validation,100.0,100.0,0.333333,0.8,1.0,0.75,1.5,UNKNOWN,cloud,profile:entry|job:junior,"[""cd"", ""ci"", ""docker"", ""kubernetes""]","[""1-3 years of experience""]"
4c40ffa7161b2f6acee88c4d,39835,4edc178e-7694-46be-b0bf-4836beaa7741,validation,75.69,77.52612295856952,0.230769,0.5,1.0,1.0,0.0,EN,backend,profile:entry|job:entry,"[""css"", ""html"", ""python""]","[""maximum 1 years of experience"", ""minimum 0 years of experience"", ""postgresql""]"
c8036a92784c8d76057e0e4b,735,194756bc-04f7-4370-b020-2c803a6099c5,validation,100.0,89.45507435356839,0.25,0.428571,1.0,0.583333,2.5,EN,web,profile:mid|job:junior,"[""javascript"", ""node.js"", ""react""]","[""1-3 years of experience"", ""laravel"", ""mysql"", ""postgresql""]"
def0880c1c8d453cd2633aa7,65817,1b518e4f-7731-41c8-9430-cf99b42181b0,validation,100.0,70.0,0.352941,0.5,1.0,0.583333,2.5,EN,security,profile:junior|job:mid,"[""cd"", ""ci"", ""docker"", ""linux"", ""network security"", ""python""]","[""bash"", ""experience with aws"", ""firewall"", ""gcp"", ""information security"", ""minimum 3 years of experience in information security""]"
9f83448d758ecdf6842139f2,2883,194756bc-04f7-4370-b020-2c803a6099c5,validation,73.69,72.51147803111438,0.230769,0.428571,1.0,1.0,0.0,EN,web,profile:junior|job:junior,"[""javascript"", ""node.js"", ""react""]","[""1-3 years of experience"", ""laravel"", ""mysql"", ""postgresql""]"
db0e5b0c5f95268894aa0888,953,b950fd84-dfd3-4448-846c-1720762b4afd,validation,100.0,100.0,0.357143,0.625,1.0,1.0,0.0,UNKNOWN,cloud,profile:mid|job:mid,"[""aws"", ""cd"", ""ci"", ""docker"", ""kubernetes""]","[""3-5 years of experience"", ""amazon web services aws"", ""jenkins""]"
f231f1094adbd3c4543ba105,43331,922a4a95-008e-490e-a929-690302115cb4,validation,100.0,98.20441867595746,0.3,0.75,1.0,0.416667,3.5,EN,data,profile:senior|job:junior,"[""data analysis"", ""python"", ""sql""]","[""bachelor s degree in statistics or related field""]"
15883c36e1d3d7eb95f0471c,55736,8da009c2-47ae-4225-a912-2c281de80492,validation,70.19999999999999,70.53212628343455,0.1,0.5,1.0,1.0,0.0,UNKNOWN,security,profile:senior|job:senior,"[""network security""]","[""network security engineering experience""]"
9943c353727a87f661726ce5,65699,b950fd84-dfd3-4448-846c-1720762b4afd,validation,100.0,100.0,0.357143,0.625,1.0,1.0,0.0,UNKNOWN,cloud,profile:mid|job:mid,"[""aws"", ""cd"", ""ci"", ""docker"", ""kubernetes""]","[""3-5 years of experience"", ""amazon web services aws"", ""jenkins""]"
9afbbd30c2f1e5085c3e5b0f,19665,8f7152a1-9fe3-4432-889c-26972bebc0fd,validation,70.89999999999999,70.62290706011736,0.2,0.375,1.0,1.0,0.0,EN,web,profile:entry|job:entry,"[""css"", ""html"", ""javascript""]","[""and mysql"", ""codeigniter"", ""familiarity with php"", ""mysql"", ""php""]"
429736d08ddd6f7b11678e85,17314,fddd0a56-64d7-4a4c-be49-44f2bb0ad217,validation,73.0,74.02243574646874,0.166667,0.5,1.0,1.0,0.0,EN,backend,profile:entry|job:entry,"[""java"", ""sql""]","[""proficiency in crafting and optimizing complex sql queries"", ""strong analytical and problem solving skills""]"
98cf6af96e85e14314990328,30697,70f8dce0-a74d-4f4d-ac9e-15363adf2ad8,validation,100.0,100.0,0.363636,0.8,1.0,1.0,0.0,UNKNOWN,cloud,profile:junior|job:junior,"[""cd"", ""ci"", ""docker"", ""kubernetes""]","[""1-3 years of experience""]"
6f205b4ee822fca217216e5c,85129,922a4a95-008e-490e-a929-690302115cb4,validation,74.4,76.01015251741926,0.2,0.5,1.0,1.0,0.0,EN,data,profile:junior|job:junior,"[""data analysis"", ""python""]","[""bachelor s degree in statistics or related field"", ""sql""]"
6083f327a82f193a81941f3a,92413,2c65d27f-1d88-4230-91f6-bbc56dd7ce21,validation,70.5,70.0,0.166667,0.5,1.0,0.75,1.5,UNKNOWN,other,profile:entry|job:junior,"[""data analysis"", ""sql""]","[""1-3 years of experience"", ""business analysis""]"
2c03a004f97063cec6f6593c,23368,2c65d27f-1d88-4230-91f6-bbc56dd7ce21,validation,73.0,72.81924357837902,0.166667,0.5,1.0,1.0,0.0,UNKNOWN,other,profile:junior|job:junior,"[""data analysis"", ""sql""]","[""1-3 years of experience"", ""business analysis""]"
d7bab07df4b9d141a91e2e18,20901,194756bc-04f7-4370-b020-2c803a6099c5,validation,100.0,100.0,0.25,0.428571,1.0,1.0,0.0,EN,web,profile:junior|job:junior,"[""javascript"", ""node.js"", ""react""]","[""1-3 years of experience"", ""laravel"", ""mysql"", ""postgresql""]"
c2d4370f8a4291cd4c950960,61278,194756bc-04f7-4370-b020-2c803a6099c5,validation,100.0,99.40918164414272,0.25,0.428571,1.0,1.0,0.0,EN,web,profile:junior|job:junior,"[""javascript"", ""node.js"", ""react""]","[""1-3 years of experience"", ""laravel"", ""mysql"", ""postgresql""]"
3b429e539f7780326621fb05,40910,fddd0a56-64d7-4a4c-be49-44f2bb0ad217,validation,73.64,72.99227221956804,0.181818,0.5,1.0,1.0,0.0,EN,backend,profile:entry|job:entry,"[""java"", ""sql""]","[""proficiency in crafting and optimizing complex sql queries"", ""strong analytical and problem solving skills""]"
9708205b5e7ffe7d299b0f12,99276,922a4a95-008e-490e-a929-690302115cb4,validation,100.0,95.39295091687278,0.272727,0.75,1.0,0.75,1.5,EN,data,profile:entry|job:junior,"[""data analysis"", ""python"", ""sql""]","[""bachelor s degree in statistics or related field""]"
737c489da50152a47344eea7,43376,04154bb4-2bb2-4cae-9f82-72dd6881c37e,validation,70.19999999999999,70.0,0.1,0.5,1.0,1.0,0.0,EN,data,profile:entry|job:entry,"[""data analysis""]","[""experience as a data analyst""]"
bc812f67f2c9cdcadfe081d6,97068,194756bc-04f7-4370-b020-2c803a6099c5,validation,72.39999999999999,72.80320240433267,0.2,0.428571,1.0,1.0,0.0,EN,web,profile:junior|job:junior,"[""javascript"", ""node.js"", ""react""]","[""1-3 years of experience"", ""laravel"", ""mysql"", ""postgresql""]"
80fcb1c51a18d8f4bc8f1727,32092,8f7152a1-9fe3-4432-889c-26972bebc0fd,validation,70.89999999999999,70.57571603679791,0.2,0.375,1.0,1.0,0.0,EN,web,profile:entry|job:entry,"[""css"", ""html"", ""javascript""]","[""and mysql"", ""codeigniter"", ""familiarity with php"", ""mysql"", ""php""]"
55f41c168da08cd04bea4b22,26244,8da009c2-47ae-4225-a912-2c281de80492,validation,70.19999999999999,70.45016144504693,0.1,0.5,1.0,1.0,0.0,UNKNOWN,security,profile:senior|job:senior,"[""network security""]","[""network security engineering experience""]"
4820570b506ea18114243c31,14006,70f8dce0-a74d-4f4d-ac9e-15363adf2ad8,validation,100.0,99.34987643778388,0.363636,0.8,1.0,1.0,0.0,UNKNOWN,cloud,profile:junior|job:junior,"[""cd"", ""ci"", ""docker"", ""kubernetes""]","[""1-3 years of experience""]"
813b698be75328f10c1822b1,10513,b950fd84-dfd3-4448-846c-1720762b4afd,validation,100.0,100.0,0.384615,0.625,1.0,0.833333,1.0,UNKNOWN,cloud,profile:senior|job:mid,"[""aws"", ""cd"", ""ci"", ""docker"", ""kubernetes""]","[""3-5 years of experience"", ""amazon web services aws"", ""jenkins""]"
eef409f6f69d0eca09041fdf,8346,6b655dc8-9398-4643-98e9-8002444d2749,validation,77.66999999999999,82.19021296049822,0.166667,0.666667,1.0,1.0,0.0,EN,other,profile:entry|job:entry,"[""cd"", ""ci""]","[""no specific requirements were found in the provided data""]"
4680d6d631abe8a4cb646677,686,04154bb4-2bb2-4cae-9f82-72dd6881c37e,validation,70.19999999999999,70.04983579302466,0.1,0.5,1.0,1.0,0.0,EN,data,profile:entry|job:entry,"[""data analysis""]","[""experience as a data analyst""]"
9c43f4979b574bcc84a3b467,12797,fddd0a56-64d7-4a4c-be49-44f2bb0ad217,validation,73.64,73.68705247222644,0.181818,0.5,1.0,1.0,0.0,EN,backend,profile:entry|job:entry,"[""java"", ""sql""]","[""proficiency in crafting and optimizing complex sql queries"", ""strong analytical and problem solving skills""]"
b4dba85caddb2ec3a6cb9577,11300,8f7152a1-9fe3-4432-889c-26972bebc0fd,validation,71.5,70.89619079240565,0.214286,0.375,1.0,1.0,0.0,EN,web,profile:entry|job:entry,"[""css"", ""html"", ""javascript""]","[""and mysql"", ""codeigniter"", ""familiarity with php"", ""mysql"", ""php""]"
30d9225a7df65915bb046a0c,93128,b950fd84-dfd3-4448-846c-1720762b4afd,validation,100.0,99.75971218184817,0.357143,0.625,1.0,0.833333,1.0,UNKNOWN,cloud,profile:senior|job:mid,"[""aws"", ""cd"", ""ci"", ""docker"", ""kubernetes""]","[""3-5 years of experience"", ""amazon web services aws"", ""jenkins""]"
2d38a862d20e9a01d6c769a7,95854,b950fd84-dfd3-4448-846c-1720762b4afd,validation,100.0,100.0,0.357143,0.625,1.0,1.0,0.0,UNKNOWN,cloud,profile:mid|job:mid,"[""aws"", ""cd"", ""ci"", ""docker"", ""kubernetes""]","[""3-5 years of experience"", ""amazon web services aws"", ""jenkins""]"
3a22afe39555f19ace8a005b,30504,04154bb4-2bb2-4cae-9f82-72dd6881c37e,validation,70.19999999999999,70.04983579302466,0.1,0.5,1.0,1.0,0.0,EN,data,profile:entry|job:entry,"[""data analysis""]","[""experience as a data analyst""]"
f3bd8a6496213448ad424f6c,88876,70f8dce0-a74d-4f4d-ac9e-15363adf2ad8,validation,100.0,100.0,0.4,0.8,1.0,1.0,0.0,UNKNOWN,cloud,profile:junior|job:junior,"[""cd"", ""ci"", ""docker"", ""kubernetes""]","[""1-3 years of experience""]"
6ccc862859a90e3466c19439,21432,36f15f05-01b3-496a-98e4-0ea24806953e,validation,70.67,70.0,0.222222,0.333333,1.0,1.0,0.0,UNKNOWN,software_engineering,profile:entry|job:entry,"[""deep learning"", ""machine learning"", ""python"", ""sql""]","[""artificial intelligence"", ""computer vision"", ""data engineering"", ""data integration"", ""data mining"", ""maximum 5 years of experience"", ""microsoft sql server"", ""minimum 3 years of experience""]"
d76c37ea1761b6a2a29f8ede,99097,b950fd84-dfd3-4448-846c-1720762b4afd,validation,100.0,99.77995607082335,0.384615,0.625,1.0,0.833333,1.0,UNKNOWN,cloud,profile:senior|job:mid,"[""aws"", ""cd"", ""ci"", ""docker"", ""kubernetes""]","[""3-5 years of experience"", ""amazon web services aws"", ""jenkins""]"
742e7d862222e85b54ba51e3,92930,fddd0a56-64d7-4a4c-be49-44f2bb0ad217,validation,70.5,73.65613328356538,0.166667,0.5,1.0,0.75,1.5,EN,backend,profile:junior|job:entry,"[""java"", ""sql""]","[""proficiency in crafting and optimizing complex sql queries"", ""strong analytical and problem solving skills""]"
06a5b8a41ccf40fd0daf1cbf,19137,70f8dce0-a74d-4f4d-ac9e-15363adf2ad8,validation,100.0,99.1551563345028,0.333333,0.8,1.0,0.75,1.5,UNKNOWN,cloud,profile:entry|job:junior,"[""cd"", ""ci"", ""docker"", ""kubernetes""]","[""1-3 years of experience""]"
59e1dc0b671f648374412f22,24300,1b518e4f-7731-41c8-9430-cf99b42181b0,validation,100.0,70.0,0.294118,0.416667,1.0,0.833333,1.0,EN,security,profile:senior|job:mid,"[""cd"", ""ci"", ""docker"", ""network security"", ""python""]","[""bash"", ""experience with aws"", ""firewall"", ""gcp"", ""information security"", ""linux"", ""minimum 3 years of experience in information security""]"
a9464c3c62b4be8820986555,27611,8f7152a1-9fe3-4432-889c-26972bebc0fd,validation,71.5,70.91108130150629,0.214286,0.375,1.0,1.0,0.0,EN,web,profile:entry|job:entry,"[""css"", ""html"", ""javascript""]","[""and mysql"", ""codeigniter"", ""familiarity with php"", ""mysql"", ""php""]"
d376cf783475d0a89df47f8f,16188,8f7152a1-9fe3-4432-889c-26972bebc0fd,validation,70.89999999999999,70.29277592423745,0.2,0.375,1.0,1.0,0.0,EN,web,profile:entry|job:entry,"[""css"", ""html"", ""javascript""]","[""and mysql"", ""codeigniter"", ""familiarity with php"", ""mysql"", ""php""]"
2c59febec19ad810e197bf24,45703,8f7152a1-9fe3-4432-889c-26972bebc0fd,validation,70.89999999999999,70.58979957900534,0.2,0.375,1.0,1.0,0.0,EN,web,profile:entry|job:entry,"[""css"", ""html"", ""javascript""]","[""and mysql"", ""codeigniter"", ""familiarity with php"", ""mysql"", ""php""]"
04d85689f90054fdc7edfa10,4083,922a4a95-008e-490e-a929-690302115cb4,validation,73.0,73.15863472505788,0.166667,0.5,1.0,1.0,0.0,EN,data,profile:junior|job:junior,"[""data analysis"", ""python""]","[""bachelor s degree in statistics or related field"", ""sql""]"
97a2c7e599217dc09e0d80ea,61442,2c65d27f-1d88-4230-91f6-bbc56dd7ce21,validation,71.89999999999999,70.0,0.2,0.5,1.0,0.75,1.5,UNKNOWN,other,profile:entry|job:junior,"[""data analysis"", ""sql""]","[""1-3 years of experience"", ""business analysis""]"
b4475bc22d8addf04bfe0bb7,60629,b950fd84-dfd3-4448-846c-1720762b4afd,validation,100.0,99.94528027199415,0.357143,0.625,1.0,0.833333,1.0,UNKNOWN,cloud,profile:senior|job:mid,"[""aws"", ""cd"", ""ci"", ""docker"", ""kubernetes""]","[""3-5 years of experience"", ""amazon web services aws"", ""jenkins""]"
968d82814eb1e2ad3ef2e4ab,66360,2c65d27f-1d88-4230-91f6-bbc56dd7ce21,validation,73.0,73.01947327592096,0.166667,0.5,1.0,1.0,0.0,UNKNOWN,other,profile:junior|job:junior,"[""data analysis"", ""sql""]","[""1-3 years of experience"", ""business analysis""]"
9f785f7bc65718a764e5b7ad,62473,194756bc-04f7-4370-b020-2c803a6099c5,validation,73.69,73.2516089251445,0.230769,0.428571,1.0,1.0,0.0,EN,web,profile:junior|job:junior,"[""javascript"", ""node.js"", ""react""]","[""1-3 years of experience"", ""laravel"", ""mysql"", ""postgresql""]"
00f50eb7d8160b7f0bd637f3,66033,b950fd84-dfd3-4448-846c-1720762b4afd,validation,100.0,100.0,0.384615,0.625,1.0,0.833333,1.0,UNKNOWN,cloud,profile:senior|job:mid,"[""aws"", ""cd"", ""ci"", ""docker"", ""kubernetes""]","[""3-5 years of experience"", ""amazon web services aws"", ""jenkins""]"
e0a820dc1278710685fa49be,58930,70f8dce0-a74d-4f4d-ac9e-15363adf2ad8,validation,100.0,100.0,0.333333,0.8,1.0,0.75,1.5,UNKNOWN,cloud,profile:entry|job:junior,"[""cd"", ""ci"", ""docker"", ""kubernetes""]","[""1-3 years of experience""]"
8b87f9c21a603512fa255443,32592,b950fd84-dfd3-4448-846c-1720762b4afd,validation,100.0,100.0,0.384615,0.625,1.0,1.0,0.0,UNKNOWN,cloud,profile:mid|job:mid,"[""aws"", ""cd"", ""ci"", ""docker"", ""kubernetes""]","[""3-5 years of experience"", ""amazon web services aws"", ""jenkins""]"
583ebb1de41906004ae73aed,98629,70f8dce0-a74d-4f4d-ac9e-15363adf2ad8,validation,100.0,100.0,0.363636,0.8,1.0,0.75,1.5,UNKNOWN,cloud,profile:entry|job:junior,"[""cd"", ""ci"", ""docker"", ""kubernetes""]","[""1-3 years of experience""]"
cb758890bedbf2a268425889,42894,fddd0a56-64d7-4a4c-be49-44f2bb0ad217,validation,71.14,70.0,0.181818,0.5,1.0,0.75,1.5,EN,backend,profile:junior|job:entry,"[""java"", ""sql""]","[""proficiency in crafting and optimizing complex sql queries"", ""strong analytical and problem solving skills""]"
50f2cce5d212a64c8edea699,16054,fddd0a56-64d7-4a4c-be49-44f2bb0ad217,validation,72.46000000000001,72.89984770897131,0.153846,0.5,1.0,1.0,0.0,EN,backend,profile:entry|job:entry,"[""java"", ""sql""]","[""proficiency in crafting and optimizing complex sql queries"", ""strong analytical and problem solving skills""]"
e650abea79cfc1c50915f9e0,90274,194756bc-04f7-4370-b020-2c803a6099c5,validation,73.69,73.5219904239083,0.230769,0.428571,1.0,1.0,0.0,EN,web,profile:junior|job:junior,"[""javascript"", ""node.js"", ""react""]","[""1-3 years of experience"", ""laravel"", ""mysql"", ""postgresql""]"
bde5ff9ccf07f32b1930f0a6,98538,8da009c2-47ae-4225-a912-2c281de80492,validation,70.19999999999999,70.28968426816877,0.1,0.5,1.0,1.0,0.0,UNKNOWN,security,profile:senior|job:senior,"[""network security""]","[""network security engineering experience""]"
fd45d00653c978c9eae07b28,34709,922a4a95-008e-490e-a929-690302115cb4,validation,73.64,72.72387960332075,0.181818,0.5,1.0,1.0,0.0,EN,data,profile:junior|job:junior,"[""data analysis"", ""python""]","[""bachelor s degree in statistics or related field"", ""sql""]"
0b967b2c8840fcd490d3e077,77282,8da009c2-47ae-4225-a912-2c281de80492,validation,70.19999999999999,70.54262530686593,0.1,0.5,1.0,1.0,0.0,UNKNOWN,security,profile:senior|job:senior,"[""network security""]","[""network security engineering experience""]"
fe2c99aeef5ed30b21794df0,10266,b950fd84-dfd3-4448-846c-1720762b4afd,validation,100.0,100.0,0.357143,0.625,1.0,0.833333,1.0,UNKNOWN,cloud,profile:senior|job:mid,"[""aws"", ""cd"", ""ci"", ""docker"", ""kubernetes""]","[""3-5 years of experience"", ""amazon web services aws"", ""jenkins""]"
eae8cf5f69ac21dce7a73728,66172,2c65d27f-1d88-4230-91f6-bbc56dd7ce21,validation,75.33,75.71060978419553,0.222222,0.5,1.0,1.0,0.0,UNKNOWN,other,profile:junior|job:junior,"[""data analysis"", ""sql""]","[""1-3 years of experience"", ""business analysis""]"
6985baba88f6dc0265bc024b,11238,b950fd84-dfd3-4448-846c-1720762b4afd,validation,100.0,100.0,0.384615,0.625,1.0,0.833333,1.0,UNKNOWN,cloud,profile:senior|job:mid,"[""aws"", ""cd"", ""ci"", ""docker"", ""kubernetes""]","[""3-5 years of experience"", ""amazon web services aws"", ""jenkins""]"
68db07011f8c21a071bac42b,71013,922a4a95-008e-490e-a929-690302115cb4,validation,73.64,73.26315453036571,0.181818,0.5,1.0,1.0,0.0,EN,data,profile:junior|job:junior,"[""data analysis"", ""python""]","[""bachelor s degree in statistics or related field"", ""sql""]"
e80bddbf5d8dc2df19ed3054,85543,fddd0a56-64d7-4a4c-be49-44f2bb0ad217,validation,73.64,72.57051482941182,0.181818,0.5,1.0,1.0,0.0,EN,backend,profile:entry|job:entry,"[""java"", ""sql""]","[""proficiency in crafting and optimizing complex sql queries"", ""strong analytical and problem solving skills""]"
4c43e5a4531cd7be6a866b0f,18818,b950fd84-dfd3-4448-846c-1720762b4afd,validation,100.0,100.0,0.357143,0.625,1.0,0.833333,1.0,UNKNOWN,cloud,profile:senior|job:mid,"[""aws"", ""cd"", ""ci"", ""docker"", ""kubernetes""]","[""3-5 years of experience"", ""amazon web services aws"", ""jenkins""]"
3d01185f0903e160e9bc3dd8,77970,922a4a95-008e-490e-a929-690302115cb4,validation,71.89999999999999,70.0,0.2,0.5,1.0,0.75,1.5,EN,data,profile:entry|job:junior,"[""data analysis"", ""python""]","[""bachelor s degree in statistics or related field"", ""sql""]"
82d1eac1273b0b8928c1f7ae,41202,b950fd84-dfd3-4448-846c-1720762b4afd,validation,100.0,99.6983451512394,0.357143,0.625,1.0,1.0,0.0,UNKNOWN,cloud,profile:mid|job:mid,"[""aws"", ""cd"", ""ci"", ""docker"", ""kubernetes""]","[""3-5 years of experience"", ""amazon web services aws"", ""jenkins""]"
125fb5d34fc19d51fc3ae3c6,50299,70f8dce0-a74d-4f4d-ac9e-15363adf2ad8,validation,100.0,99.4385704418504,0.363636,0.8,1.0,0.75,1.5,UNKNOWN,cloud,profile:entry|job:junior,"[""cd"", ""ci"", ""docker"", ""kubernetes""]","[""1-3 years of experience""]"
0b781bc5cb9f8b897b9a60a8,21198,fddd0a56-64d7-4a4c-be49-44f2bb0ad217,validation,71.14,70.0,0.181818,0.5,1.0,0.75,1.5,EN,backend,profile:junior|job:entry,"[""java"", ""sql""]","[""proficiency in crafting and optimizing complex sql queries"", ""strong analytical and problem solving skills""]"
1795012ae30a532e7c482080,32349,b950fd84-dfd3-4448-846c-1720762b4afd,validation,100.0,99.77995607082335,0.384615,0.625,1.0,0.833333,1.0,UNKNOWN,cloud,profile:senior|job:mid,"[""aws"", ""cd"", ""ci"", ""docker"", ""kubernetes""]","[""3-5 years of experience"", ""amazon web services aws"", ""jenkins""]"
0a1a0924cd4eeb40f2066b33,60809,194756bc-04f7-4370-b020-2c803a6099c5,validation,73.69,73.2516089251445,0.230769,0.428571,1.0,1.0,0.0,EN,web,profile:junior|job:junior,"[""javascript"", ""node.js"", ""react""]","[""1-3 years of experience"", ""laravel"", ""mysql"", ""postgresql""]"
e70cbe6cdaf64823e52fa7f4,61751,1b518e4f-7731-41c8-9430-cf99b42181b0,validation,70.67,70.0,0.222222,0.333333,1.0,1.0,0.0,EN,security,profile:mid|job:mid,"[""cd"", ""ci"", ""network security"", ""python""]","[""bash"", ""docker"", ""experience with aws"", ""firewall"", ""gcp"", ""information security"", ""linux"", ""minimum 3 years of experience in information security""]"
eb55559be885cda025bc4edb,40909,fddd0a56-64d7-4a4c-be49-44f2bb0ad217,validation,73.0,73.1316660236331,0.166667,0.5,1.0,1.0,0.0,EN,backend,profile:entry|job:entry,"[""java"", ""sql""]","[""proficiency in crafting and optimizing complex sql queries"", ""strong analytical and problem solving skills""]"
b03655bc289cada8edbd16fb,56670,b950fd84-dfd3-4448-846c-1720762b4afd,validation,100.0,98.56777842851253,0.357143,0.625,1.0,0.833333,1.0,UNKNOWN,cloud,profile:senior|job:mid,"[""aws"", ""cd"", ""ci"", ""docker"", ""kubernetes""]","[""3-5 years of experience"", ""amazon web services aws"", ""jenkins""]"
1c31ccefd8226a109a87005f,46466,1291a780-bb51-4477-bd50-7a5bccf69b62,validation,99.52,72.19661662983609,0.25,0.363636,1.0,0.833333,1.0,EN,backend,profile:senior|job:mid,"[""docker"", ""git"", ""java"", ""python""]","[""and mongodb"", ""java springboot"", ""mongodb"", ""mysql"", ""postgresql"", ""proficient in java"", ""requires 3-5 years of experience""]"
2d502f3bf5af00e275c37141,59808,eba54ee1-740c-46ed-9a6b-944743f9eb0e,validation,73.0,72.76307812489868,0.214286,0.428571,1.0,1.0,0.0,EN,backend,profile:junior|job:junior,"[""java"", ""node.js"", ""python""]","[""maximum 3 years of experience"", ""minimum 1 years of experience"", ""mysql"", ""php""]"
af43b004f28cd310592163ed,1779,fddd0a56-64d7-4a4c-be49-44f2bb0ad217,validation,73.64,74.20834151279625,0.181818,0.5,1.0,1.0,0.0,EN,backend,profile:entry|job:entry,"[""java"", ""sql""]","[""proficiency in crafting and optimizing complex sql queries"", ""strong analytical and problem solving skills""]"
bbfe8fc0d9c023cd2bf5213a,57776,6b655dc8-9398-4643-98e9-8002444d2749,validation,71.64,70.0,0.181818,0.666667,1.0,0.333333,4.0,EN,other,profile:mid|job:entry,"[""cd"", ""ci""]","[""no specific requirements were found in the provided data""]"
cfb8c200665e143a972b45ec,40419,42850ac1-74f9-46d0-b7ad-92781ffc89e9,validation,73.64,73.53358574069654,0.181818,0.5,1.0,1.0,0.0,EN,data,profile:entry|job:entry,"[""apis"", ""python""]","[""and data pipelines for large-scale ai workflows"", ""remote python developer building backend systems""]"
402282fd2fb76a6b35caedc2,8936,2c65d27f-1d88-4230-91f6-bbc56dd7ce21,validation,71.14,70.0,0.181818,0.5,1.0,0.75,1.5,UNKNOWN,other,profile:entry|job:junior,"[""data analysis"", ""sql""]","[""1-3 years of experience"", ""business analysis""]"
77cf9566e7c9d8999150db42,34320,b950fd84-dfd3-4448-846c-1720762b4afd,validation,100.0,100.0,0.384615,0.625,1.0,1.0,0.0,UNKNOWN,cloud,profile:mid|job:mid,"[""aws"", ""cd"", ""ci"", ""docker"", ""kubernetes""]","[""3-5 years of experience"", ""amazon web services aws"", ""jenkins""]"
6aa377a4bb394d305d0da928,76818,70f8dce0-a74d-4f4d-ac9e-15363adf2ad8,validation,100.0,99.86652360432963,0.363636,0.8,1.0,1.0,0.0,UNKNOWN,cloud,profile:junior|job:junior,"[""cd"", ""ci"", ""docker"", ""kubernetes""]","[""1-3 years of experience""]"
e44ac95f19dc140a20732d39,71529,fddd0a56-64d7-4a4c-be49-44f2bb0ad217,validation,71.14,70.0,0.181818,0.5,1.0,0.75,1.5,EN,backend,profile:junior|job:entry,"[""java"", ""sql""]","[""proficiency in crafting and optimizing complex sql queries"", ""strong analytical and problem solving skills""]"
5f74c4456409b4ba2c927cea,38739,70f8dce0-a74d-4f4d-ac9e-15363adf2ad8,validation,100.0,99.91279921251422,0.363636,0.8,1.0,0.75,1.5,UNKNOWN,cloud,profile:entry|job:junior,"[""cd"", ""ci"", ""docker"", ""kubernetes""]","[""1-3 years of experience""]"
7e32027e1c210b6cea9fd000,52666,b950fd84-dfd3-4448-846c-1720762b4afd,validation,100.0,100.0,0.384615,0.625,1.0,1.0,0.0,UNKNOWN,cloud,profile:mid|job:mid,"[""aws"", ""cd"", ""ci"", ""docker"", ""kubernetes""]","[""3-5 years of experience"", ""amazon web services aws"", ""jenkins""]"
2b2db87ece12e6da159b6b5a,19378,8da009c2-47ae-4225-a912-2c281de80492,validation,70.67,70.56005991711254,0.111111,0.5,1.0,1.0,0.0,UNKNOWN,security,profile:senior|job:senior,"[""network security""]","[""network security engineering experience""]"
768ba558fbe358e8e434af4e,53830,70f8dce0-a74d-4f4d-ac9e-15363adf2ad8,validation,100.0,99.86652360432963,0.4,0.8,1.0,1.0,0.0,UNKNOWN,cloud,profile:junior|job:junior,"[""cd"", ""ci"", ""docker"", ""kubernetes""]","[""1-3 years of experience""]"
d61c08c986851a252578b0e8,85257,f97272bd-ec47-47c0-80ba-61067f956df0,validation,50.029999999999994,49.9941375367943,0.133333,0.25,1.0,0.75,1.5,UNKNOWN,software_engineering,profile:entry|job:junior,"[""node.js"", ""python""]","[""1-3 years of experience"", ""javascript"", ""laravel"", ""mysql"", ""postgresql"", ""react""]"
1248090c534dcdd5c1eabb1a,28740,55cf11b4-cf77-4ac0-b63d-8a433161c057,validation,50.1,50.29537539641868,0.153846,0.2,1.0,0.833333,1.0,EN,data,profile:mid|job:senior,"[""data analysis"", ""numpy"", ""pandas"", ""python""]","[""a minimum 3 years of experience as a data analyst"", ""a strong understanding of the cryptocurrency industry is mandatory"", ""bigquery"", ""crypto"", ""cryptocurrency"", ""etc"", ""expertise in using python for data analysis pandas"", ""hands-on experience with looker for dashboarding and reporting"", ""matplotlib"", ""or e-commerce"", ""preferred in fintech"", ""scikit-learn"", ""seaborn"", ""sql"", ""strong proficiency in writing advanced sql queries bigquery"", ""the ability to translate complex data into business insights and recommendations""]"
6739b5119f303510cb4615bd,14257,36f15f05-01b3-496a-98e4-0ea24806953e,validation,50.480000000000004,51.046644050381886,0.176471,0.25,1.0,0.75,1.5,UNKNOWN,software_engineering,profile:junior|job:entry,"[""deep learning"", ""machine learning"", ""python""]","[""artificial intelligence"", ""computer vision"", ""data engineering"", ""data integration"", ""data mining"", ""maximum 5 years of experience"", ""microsoft sql server"", ""minimum 3 years of experience"", ""sql""]"
f6848a369b70b0e613be5cbd,556,194756bc-04f7-4370-b020-2c803a6099c5,validation,51.71,52.7899190792345,0.214286,0.428571,1.0,0.583333,2.5,EN,web,profile:mid|job:junior,"[""javascript"", ""node.js"", ""react""]","[""1-3 years of experience"", ""laravel"", ""mysql"", ""postgresql""]"
6463f2ab38e4db738ab77727,44124,2c65d27f-1d88-4230-91f6-bbc56dd7ce21,validation,51.71,52.311138897307465,0.166667,0.5,1.0,0.583333,2.5,UNKNOWN,other,profile:mid|job:junior,"[""data analysis"", ""sql""]","[""1-3 years of experience"", ""business analysis""]"
8527c50a072f861b22a15e95,9657,2c65d27f-1d88-4230-91f6-bbc56dd7ce21,validation,51.71,52.311138897307465,0.166667,0.5,1.0,0.583333,2.5,UNKNOWN,other,profile:mid|job:junior,"[""data analysis"", ""sql""]","[""1-3 years of experience"", ""business analysis""]"
d07f12dc4dec0b4ac25a0656,47601,f97272bd-ec47-47c0-80ba-61067f956df0,validation,49.61,49.61195872877967,0.133333,0.25,1.0,0.583333,2.5,UNKNOWN,software_engineering,profile:mid|job:junior,"[""javascript"", ""python""]","[""1-3 years of experience"", ""laravel"", ""mysql"", ""node.js"", ""postgresql"", ""react""]"
dce4f73bc1cfd93e4fa772e1,77391,1b518e4f-7731-41c8-9430-cf99b42181b0,validation,49.96,49.95830172587401,0.166667,0.25,1.0,0.583333,2.5,EN,security,profile:junior|job:mid,"[""docker"", ""network security"", ""python""]","[""bash"", ""cd"", ""ci"", ""experience with aws"", ""firewall"", ""gcp"", ""information security"", ""linux"", ""minimum 3 years of experience in information security""]"
7f298ca0f35fb08c7b7b86f6,62023,1b518e4f-7731-41c8-9430-cf99b42181b0,validation,50.38,38.99480487458795,0.210526,0.333333,1.0,0.333333,4.0,EN,security,profile:entry|job:mid,"[""cd"", ""ci"", ""network security"", ""python""]","[""bash"", ""docker"", ""experience with aws"", ""firewall"", ""gcp"", ""information security"", ""linux"", ""minimum 3 years of experience in information security""]"
bf3cb9ccc0df6c9f9b792a1e,25798,f97272bd-ec47-47c0-80ba-61067f956df0,validation,50.12,50.16009227134845,0.142857,0.25,1.0,0.75,1.5,UNKNOWN,software_engineering,profile:entry|job:junior,"[""node.js"", ""python""]","[""1-3 years of experience"", ""javascript"", ""laravel"", ""mysql"", ""postgresql"", ""react""]"
25f371dd11354246cc612156,70756,9fbb23a5-91d7-40dc-b127-90b0795bbc72,validation,52.01,52.84865647476769,0.222222,0.4,1.0,0.75,1.5,EN,other,profile:entry|job:junior,"[""data analysis"", ""sql""]","[""maximum 3 years of experience"", ""minimum 1 years of experience"", ""project management""]"
750cb9e0a127e035c669b415,46524,cb304996-b689-4252-b57a-826f07936035,validation,50.23,49.820402115760366,0.133333,0.25,1.0,0.833333,1.0,EN,other,profile:senior|job:mid,"[""java"", ""react""]","[""and nosql database excellent teamwork skills excellent written and verbal communication skills proven ability to influence cross-functional teams without formal authority"", ""candidates must possess bachelor s degree computer science or information technology"", ""engineering computer or telecommunication mba preferred minimum 5 years experience as a product manager or product marketing manager 5+ years of experience in a job in the enterprise software market demonstrated success defining and launching excellent products have a technical background"", ""examples and at least one sample of an effective document delivered in the past"", ""nosql database"", ""with experience in java""]"
86d8c0d61d45a9899c536033,23521,194756bc-04f7-4370-b020-2c803a6099c5,validation,51.71,51.59508655601148,0.214286,0.428571,1.0,0.583333,2.5,EN,web,profile:mid|job:junior,"[""javascript"", ""node.js"", ""react""]","[""1-3 years of experience"", ""laravel"", ""mysql"", ""postgresql""]"
0c56464a72802e9dfab17255,63012,55cf11b4-cf77-4ac0-b63d-8a433161c057,validation,50.1,50.34942046061234,0.153846,0.2,1.0,0.833333,1.0,EN,data,profile:mid|job:senior,"[""data analysis"", ""numpy"", ""pandas"", ""python""]","[""a minimum 3 years of experience as a data analyst"", ""a strong understanding of the cryptocurrency industry is mandatory"", ""bigquery"", ""crypto"", ""cryptocurrency"", ""etc"", ""expertise in using python for data analysis pandas"", ""hands-on experience with looker for dashboarding and reporting"", ""matplotlib"", ""or e-commerce"", ""preferred in fintech"", ""scikit-learn"", ""seaborn"", ""sql"", ""strong proficiency in writing advanced sql queries bigquery"", ""the ability to translate complex data into business insights and recommendations""]"
1f85d686116715ae9ac4dc03,8127,9fbb23a5-91d7-40dc-b127-90b0795bbc72,validation,52.05,53.26655768779715,0.166667,0.4,1.0,1.0,0.0,EN,other,profile:junior|job:junior,"[""data analysis"", ""sql""]","[""maximum 3 years of experience"", ""minimum 1 years of experience"", ""project management""]"
1594ea7da437206b081d8a23,69432,2c65d27f-1d88-4230-91f6-bbc56dd7ce21,validation,52.12,70.0,0.166667,0.5,1.0,0.75,1.5,UNKNOWN,other,profile:entry|job:junior,"[""data analysis"", ""sql""]","[""1-3 years of experience"", ""business analysis""]"
87c60c35213438d9b17392ac,42103,48865a86-b0e8-4263-aa17-886b1537a63c,validation,49.4,49.04215867483961,0.115385,0.157895,1.0,0.833333,1.0,EN,data,profile:senior|job:mid,"[""data analysis"", ""machine learning"", ""python""]","[""capable of analytical thinking and critical thinking"", ""data mining"", ""information systems"", ""microsoft dynamic nav"", ""minimum 2 years of experience in the same scope"", ""minimum s1 in informatics engineering"", ""r programming language"", ""sql"", ""tangerang"", ""understanding of data analysis techniques"", ""understanding of data mining"", ""understanding of machine learning"", ""understanding of microsoft dynamic nav operations"", ""understanding of programming platforms tools"", ""understanding of sql"", ""willing to be placed in cikupa""]"
07a8ab8b6a3e6febb30a3808,15524,36f15f05-01b3-496a-98e4-0ea24806953e,validation,50.28,49.8698180978209,0.157895,0.25,1.0,0.75,1.5,UNKNOWN,software_engineering,profile:junior|job:entry,"[""deep learning"", ""machine learning"", ""python""]","[""artificial intelligence"", ""computer vision"", ""data engineering"", ""data integration"", ""data mining"", ""maximum 5 years of experience"", ""microsoft sql server"", ""minimum 3 years of experience"", ""sql""]"
f132b39359a3b22d4704a118,22525,34960d63-e71d-4c41-bf9c-7317ff1423f7,validation,51.89,50.079250685814564,0.235294,0.363636,1.0,0.75,1.5,UNKNOWN,backend,profile:entry|job:junior,"[""java"", ""node.js"", ""python"", ""sql""]","[""c++"", ""laravel"", ""microsoft sql server"", ""must have 1-3 years of experience"", ""mysql"", ""php"", ""postgresql""]"
973e105ac9fe4f2d83156db5,11010,194756bc-04f7-4370-b020-2c803a6099c5,validation,51.29,51.59412755162558,0.214286,0.428571,1.0,0.416667,3.5,EN,web,profile:senior|job:junior,"[""javascript"", ""node.js"", ""react""]","[""1-3 years of experience"", ""laravel"", ""mysql"", ""postgresql""]"
87e679074da695b6fcca209d,27772,448c8dc1-6165-425c-bc92-c8261b232b49,validation,54.769999999999996,54.57029877674182,0.307692,0.666667,1.0,0.75,1.5,EN,cloud,profile:entry|job:junior,"[""cd"", ""ci"", ""docker"", ""kubernetes""]","[""jenkins"", ""minimum 1 years of experience in devops""]"
dbcabaae2c0731af6bc9bc71,39835,8df83977-9ed2-40af-8f8b-5315ee515a92,validation,51.89,48.581408776090235,0.235294,0.363636,1.0,0.75,1.5,UNKNOWN,backend,profile:entry|job:junior,"[""cd"", ""ci"", ""python"", ""sql""]","[""3-5 years of experience"", ""aws"", ""c++"", ""laravel"", ""node.js"", ""php"", ""sdlc""]"
934d6f661a2b4f2d003fa7a8,735,5649e616-8a7a-4017-b224-a337ba0f3540,validation,50.339999999999996,48.28016940022753,0.1875,0.272727,1.0,0.583333,2.5,UNKNOWN,web,profile:mid|job:junior,"[""javascript"", ""node.js"", ""react""]","[""c++"", ""jquery"", ""maximum 3 years of experience"", ""minimum 1 years of experience"", ""mongodb"", ""mysql"", ""postgresql"", ""sql""]"
7d4f8efc38653000d97600c3,65817,a5b99465-c481-4f44-929c-d171988606aa,validation,47.72,31.492456328980865,0.038462,0.0625,1.0,0.75,1.5,EN,security,profile:junior|job:entry,"[""linux""]","[""and macos"", ""and other security products"", ""arcsight"", ""expertise on tcp"", ""including windows"", ""ip network traffic and event log analysis"", ""ips"", ""knowledge and hands-on experience of implementation and management of ids"", ""knowledge and hands-on experience with logrhythm"", ""mcafee epo"", ""netiq sentinel or any siem tool"", ""qradar"", ""s1 from it or related major"", ""skills in various operating systems"", ""understand and demonstrate a deep knowledge in one of cybersecurity technology system and concept""]"
ea16d60ea26d646bf7ad82a0,2883,8f7152a1-9fe3-4432-889c-26972bebc0fd,validation,51.74999999999999,50.40483794293943,0.214286,0.375,1.0,0.75,1.5,EN,web,profile:junior|job:entry,"[""css"", ""html"", ""javascript""]","[""and mysql"", ""codeigniter"", ""familiarity with php"", ""mysql"", ""php""]"
20a9574cb43823e94e0fd5fb,10067,194756bc-04f7-4370-b020-2c803a6099c5,validation,51.29,51.26000774254832,0.214286,0.428571,1.0,0.416667,3.5,EN,web,profile:senior|job:junior,"[""javascript"", ""node.js"", ""react""]","[""1-3 years of experience"", ""laravel"", ""mysql"", ""postgresql""]"
2a28e232ac7eb7837cfe6609,76621,8df83977-9ed2-40af-8f8b-5315ee515a92,validation,51.470000000000006,53.231407460011084,0.235294,0.363636,1.0,0.583333,2.5,UNKNOWN,backend,profile:mid|job:junior,"[""cd"", ""ci"", ""python"", ""sql""]","[""3-5 years of experience"", ""aws"", ""c++"", ""laravel"", ""node.js"", ""php"", ""sdlc""]"
fc562d0ef2abcfe340dc7700,953,448c8dc1-6165-425c-bc92-c8261b232b49,validation,54.36,53.875118112567115,0.307692,0.666667,1.0,0.583333,2.5,EN,cloud,profile:mid|job:junior,"[""cd"", ""ci"", ""docker"", ""kubernetes""]","[""jenkins"", ""minimum 1 years of experience in devops""]"
073be652793f8006695c7cd9,72228,36f15f05-01b3-496a-98e4-0ea24806953e,validation,50.38,50.319327487792485,0.166667,0.25,1.0,0.75,1.5,UNKNOWN,software_engineering,profile:junior|job:entry,"[""deep learning"", ""machine learning"", ""python""]","[""artificial intelligence"", ""computer vision"", ""data engineering"", ""data integration"", ""data mining"", ""maximum 5 years of experience"", ""microsoft sql server"", ""minimum 3 years of experience"", ""sql""]"
b05433943fbdf869574608bb,43331,001c6a5e-3826-4e6b-9561-4e07ade386e7,validation,52.17,53.762148083678824,0.25,0.5,1.0,0.416667,3.5,EN,data,profile:senior|job:junior,"[""data analysis"", ""python"", ""sql""]","[""maximum 3 years of experience"", ""minimum 1 years of experience"", ""power bi""]"
bfab37d8e58c2d4467bc8fcd,33724,36f15f05-01b3-496a-98e4-0ea24806953e,validation,51.68000000000001,49.7346408947501,0.235294,0.333333,1.0,0.75,1.5,UNKNOWN,software_engineering,profile:junior|job:entry,"[""deep learning"", ""machine learning"", ""python"", ""sql""]","[""artificial intelligence"", ""computer vision"", ""data engineering"", ""data integration"", ""data mining"", ""maximum 5 years of experience"", ""microsoft sql server"", ""minimum 3 years of experience""]"
db0f058355640bb82f84c8fe,55736,1b518e4f-7731-41c8-9430-cf99b42181b0,validation,49.36,48.980165071054515,0.105263,0.166667,1.0,0.833333,1.0,EN,security,profile:senior|job:mid,"[""network security"", ""python""]","[""bash"", ""cd"", ""ci"", ""docker"", ""experience with aws"", ""firewall"", ""gcp"", ""information security"", ""linux"", ""minimum 3 years of experience in information security""]"
a2f9efd3b33432b1887be353,65699,448c8dc1-6165-425c-bc92-c8261b232b49,validation,54.36,70.0,0.307692,0.666667,1.0,0.583333,2.5,EN,cloud,profile:mid|job:junior,"[""cd"", ""ci"", ""docker"", ""kubernetes""]","[""jenkins"", ""minimum 1 years of experience in devops""]"
399939936646956a7591a952,19665,194756bc-04f7-4370-b020-2c803a6099c5,validation,52.12,52.77533683973947,0.214286,0.428571,1.0,0.75,1.5,EN,web,profile:entry|job:junior,"[""javascript"", ""node.js"", ""react""]","[""1-3 years of experience"", ""laravel"", ""mysql"", ""postgresql""]"
42c8cb337a6a634ce041a1a6,78014,f97272bd-ec47-47c0-80ba-61067f956df0,validation,49.94,50.12771592379306,0.125,0.25,1.0,0.75,1.5,UNKNOWN,software_engineering,profile:entry|job:junior,"[""node.js"", ""python""]","[""1-3 years of experience"", ""javascript"", ""laravel"", ""mysql"", ""postgresql"", ""react""]"
955a68c2a0f1a1dcb10bae2a,17314,8df83977-9ed2-40af-8f8b-5315ee515a92,validation,51.89,50.12563433486519,0.235294,0.363636,1.0,0.75,1.5,UNKNOWN,backend,profile:entry|job:junior,"[""cd"", ""ci"", ""python"", ""sql""]","[""3-5 years of experience"", ""aws"", ""c++"", ""laravel"", ""node.js"", ""php"", ""sdlc""]"
5e0ccef0f6ceb1673d8fce11,30697,6a6951e9-2763-432d-9b21-91ab3c469f7f,validation,52.300000000000004,53.42803296193584,0.25,0.4,1.0,0.75,1.5,EN,cloud,profile:junior|job:entry,"[""cd"", ""ci"", ""docker"", ""linux""]","[""1-3 years of experience in devops"", ""agile methodologies"", ""cloud computing"", ""devops"", ""devsecops"", ""prometheus""]"
1e84d0f460364b7d75778235,85129,ba98bf28-461b-48b2-bcc2-8e525b5e868d,validation,50.49,50.45187075349997,0.153846,0.285714,1.0,0.75,1.5,UNKNOWN,data,profile:junior|job:entry,"[""data analysis"", ""python""]","[""microsoft excel"", ""microsoft sql server"", ""minimum 0 years of experience"", ""php"", ""sql""]"
3b2866bdd5874c9345d30065,82766,2c65d27f-1d88-4230-91f6-bbc56dd7ce21,validation,52.12,70.0,0.166667,0.5,1.0,0.75,1.5,UNKNOWN,other,profile:entry|job:junior,"[""data analysis"", ""sql""]","[""1-3 years of experience"", ""business analysis""]"
199a89c73055f327a0063f31,71252,e3d99c14-90ce-4199-8b77-5bf13b844bbe,validation,50.28,50.66970499979947,0.157895,0.25,1.0,0.75,1.5,EN,software_engineering,profile:entry|job:junior,"[""css"", ""html"", ""python""]","[""3-5 years of experience"", ""ai systems"", ""apache"", ""groovy"", ""java"", ""javascript"", ""json"", ""kibana"", ""tomcat""]"
e9c8c17d649319f3827acfd7,92413,9fbb23a5-91d7-40dc-b127-90b0795bbc72,validation,51.29,51.50708747056045,0.153846,0.4,1.0,0.75,1.5,EN,other,profile:entry|job:junior,"[""data analysis"", ""sql""]","[""maximum 3 years of experience"", ""minimum 1 years of experience"", ""project management""]"
f159295cb5d87b3a460bdca3,84838,5649e616-8a7a-4017-b224-a337ba0f3540,validation,51.06,51.29855694261952,0.235294,0.363636,1.0,0.416667,3.5,UNKNOWN,web,profile:senior|job:junior,"[""javascript"", ""node.js"", ""react"", ""sql""]","[""c++"", ""jquery"", ""maximum 3 years of experience"", ""minimum 1 years of experience"", ""mongodb"", ""mysql"", ""postgresql""]"
97d22a85338e370d33bfcfdc,79679,2c65d27f-1d88-4230-91f6-bbc56dd7ce21,validation,51.870000000000005,54.3483954373121,0.181818,0.5,1.0,0.583333,2.5,UNKNOWN,other,profile:mid|job:junior,"[""data analysis"", ""sql""]","[""1-3 years of experience"", ""business analysis""]"
1b492e2cc033b51de2c60203,52410,2c65d27f-1d88-4230-91f6-bbc56dd7ce21,validation,51.29,51.729294572552426,0.166667,0.5,1.0,0.416667,3.5,UNKNOWN,other,profile:senior|job:junior,"[""data analysis"", ""sql""]","[""1-3 years of experience"", ""business analysis""]"
ee0515c6d52d862000874b98,23368,59c14022-8c71-4ed4-9eb9-8eb702753b19,validation,52.12,70.0,0.166667,0.5,1.0,0.75,1.5,UNKNOWN,other,profile:junior|job:entry,"[""docker"", ""linux""]","[""a company engaged in system integration"", ""it services consulting for it infrastructure""]"
8a780931b9bf9ea2244ae032,80822,9418131a-f7ec-4a38-a024-5d807ab22c5f,validation,51.160000000000004,52.0968996014725,0.166667,0.272727,1.0,1.0,0.0,EN,software_engineering,profile:entry|job:entry,"[""data analysis"", ""deep learning"", ""machine learning""]","[""application development"", ""application system management"", ""artificial intelligence"", ""communication skills"", ""computer vision"", ""data engineering"", ""maximum 50 years of experience"", ""minimum 0 years of experience""]"
acb68cbf72eecf818f5488c6,10615,465cdc9a-3fe3-468a-92b2-ef1f65e7ea6c,validation,50.14999999999999,50.22195274062353,0.125,0.25,1.0,0.833333,1.0,EN,software_engineering,profile:senior|job:mid,"[""deep learning"", ""machine learning""]","[""3-5 years of experience in data engineering"", ""and deep learning"", ""artificial intelligence"", ""computer vision"", ""data engineering"", ""neural network""]"
45803873248e4a005e752d88,59502,55cf11b4-cf77-4ac0-b63d-8a433161c057,validation,50.1,50.82655920984558,0.153846,0.2,1.0,0.833333,1.0,EN,data,profile:mid|job:senior,"[""data analysis"", ""numpy"", ""pandas"", ""python""]","[""a minimum 3 years of experience as a data analyst"", ""a strong understanding of the cryptocurrency industry is mandatory"", ""bigquery"", ""crypto"", ""cryptocurrency"", ""etc"", ""expertise in using python for data analysis pandas"", ""hands-on experience with looker for dashboarding and reporting"", ""matplotlib"", ""or e-commerce"", ""preferred in fintech"", ""scikit-learn"", ""seaborn"", ""sql"", ""strong proficiency in writing advanced sql queries bigquery"", ""the ability to translate complex data into business insights and recommendations""]"
bc0e3aea1a6aa838abff31d8,20901,8f7152a1-9fe3-4432-889c-26972bebc0fd,validation,51.92,50.31792114818484,0.230769,0.375,1.0,0.75,1.5,EN,web,profile:junior|job:entry,"[""css"", ""html"", ""javascript""]","[""and mysql"", ""codeigniter"", ""familiarity with php"", ""mysql"", ""php""]"
b294aa5d37c44e8bdd0f4fe3,28492,2c65d27f-1d88-4230-91f6-bbc56dd7ce21,validation,51.29,48.788569440257966,0.166667,0.5,1.0,0.416667,3.5,UNKNOWN,other,profile:senior|job:junior,"[""data analysis"", ""sql""]","[""1-3 years of experience"", ""business analysis""]"
d2e0ab1bf9c210a1e65d2303,40620,55cf11b4-cf77-4ac0-b63d-8a433161c057,validation,50.1,50.29537539641868,0.153846,0.2,1.0,0.833333,1.0,EN,data,profile:mid|job:senior,"[""data analysis"", ""numpy"", ""pandas"", ""python""]","[""a minimum 3 years of experience as a data analyst"", ""a strong understanding of the cryptocurrency industry is mandatory"", ""bigquery"", ""crypto"", ""cryptocurrency"", ""etc"", ""expertise in using python for data analysis pandas"", ""hands-on experience with looker for dashboarding and reporting"", ""matplotlib"", ""or e-commerce"", ""preferred in fintech"", ""scikit-learn"", ""seaborn"", ""sql"", ""strong proficiency in writing advanced sql queries bigquery"", ""the ability to translate complex data into business insights and recommendations""]"
c479bffce0b58b8b2793c926,35392,f5b750c4-66cb-4508-a032-f196fe33c7de,validation,49.09,50.120294424065854,0.1,0.166667,1.0,0.75,1.5,EN,software_engineering,profile:entry|job:junior,"[""deep learning"", ""machine learning""]","[""1-3 years of experience in data mining"", ""and pattern recognition"", ""artificial intelligence"", ""computer vision"", ""data engineering"", ""data mining"", ""natural language processing nlp"", ""neural network"", ""pattern recognition"", ""redis""]"
a1669ff49caec90b2f43ab2b,61278,8f7152a1-9fe3-4432-889c-26972bebc0fd,validation,51.92,51.23111547802034,0.230769,0.375,1.0,0.75,1.5,EN,web,profile:junior|job:entry,"[""css"", ""html"", ""javascript""]","[""and mysql"", ""codeigniter"", ""familiarity with php"", ""mysql"", ""php""]"
4ad93892597efc8399bb4325,40910,34960d63-e71d-4c41-bf9c-7317ff1423f7,validation,50.63999999999999,50.70383213464589,0.176471,0.272727,1.0,0.75,1.5,UNKNOWN,backend,profile:entry|job:junior,"[""java"", ""python"", ""sql""]","[""c++"", ""laravel"", ""microsoft sql server"", ""must have 1-3 years of experience"", ""mysql"", ""node.js"", ""php"", ""postgresql""]"
9d8fb3276ef5dff5463a7fa6,69319,34960d63-e71d-4c41-bf9c-7317ff1423f7,validation,51.629999999999995,50.48360413431859,0.25,0.363636,1.0,0.583333,2.5,UNKNOWN,backend,profile:mid|job:junior,"[""java"", ""node.js"", ""python"", ""sql""]","[""c++"", ""laravel"", ""microsoft sql server"", ""must have 1-3 years of experience"", ""mysql"", ""php"", ""postgresql""]"
b78c5917effef0f648e0df9b,99276,001c6a5e-3826-4e6b-9561-4e07ade386e7,validation,52.800000000000004,70.0,0.230769,0.5,1.0,0.75,1.5,EN,data,profile:entry|job:junior,"[""data analysis"", ""python"", ""sql""]","[""maximum 3 years of experience"", ""minimum 1 years of experience"", ""power bi""]"
cda1a36f04a02cf0410cc87f,92604,1b518e4f-7731-41c8-9430-cf99b42181b0,validation,48.68,49.13959349378072,0.1,0.166667,1.0,0.583333,2.5,EN,security,profile:junior|job:mid,"[""network security"", ""python""]","[""bash"", ""cd"", ""ci"", ""docker"", ""experience with aws"", ""firewall"", ""gcp"", ""information security"", ""linux"", ""minimum 3 years of experience in information security""]"
2f116f2d6362d12b7a338471,85334,2c65d27f-1d88-4230-91f6-bbc56dd7ce21,validation,51.449999999999996,50.96258330774429,0.181818,0.5,1.0,0.416667,3.5,UNKNOWN,other,profile:senior|job:junior,"[""data analysis"", ""sql""]","[""1-3 years of experience"", ""business analysis""]"
e3282987a67f1c12bb5feb16,50706,1b518e4f-7731-41c8-9430-cf99b42181b0,validation,50.91,51.405122963494485,0.157895,0.25,1.0,1.0,0.0,EN,security,profile:mid|job:mid,"[""linux"", ""network security"", ""python""]","[""bash"", ""cd"", ""ci"", ""docker"", ""experience with aws"", ""firewall"", ""gcp"", ""information security"", ""minimum 3 years of experience in information security""]"
214b3791e92e8b24bdbe634f,43376,922a4a95-008e-490e-a929-690302115cb4,validation,52.28,53.48049210288117,0.181818,0.5,1.0,0.75,1.5,EN,data,profile:entry|job:junior,"[""data analysis"", ""python""]","[""bachelor s degree in statistics or related field"", ""sql""]"
d65a0635d0af65ee29432f27,78162,1b518e4f-7731-41c8-9430-cf99b42181b0,validation,48.730000000000004,48.14027681516717,0.105263,0.166667,1.0,0.583333,2.5,EN,security,profile:junior|job:mid,"[""network security"", ""python""]","[""bash"", ""cd"", ""ci"", ""docker"", ""experience with aws"", ""firewall"", ""gcp"", ""information security"", ""linux"", ""minimum 3 years of experience in information security""]"
c2ab9f82b7c5ea88708a1449,97068,8f7152a1-9fe3-4432-889c-26972bebc0fd,validation,51.470000000000006,52.88585122097316,0.1875,0.375,1.0,0.75,1.5,EN,web,profile:junior|job:entry,"[""css"", ""html"", ""javascript""]","[""and mysql"", ""codeigniter"", ""familiarity with php"", ""mysql"", ""php""]"
b26d7dae9b05431d95a3a01e,32092,5649e616-8a7a-4017-b224-a337ba0f3540,validation,51.89,70.0,0.235294,0.363636,1.0,0.75,1.5,UNKNOWN,web,profile:entry|job:junior,"[""javascript"", ""node.js"", ""react"", ""sql""]","[""c++"", ""jquery"", ""maximum 3 years of experience"", ""minimum 1 years of experience"", ""mongodb"", ""mysql"", ""postgresql""]"
83e6c17b46315b8e2f07d94f,82259,2c65d27f-1d88-4230-91f6-bbc56dd7ce21,validation,51.71,51.99336288729407,0.166667,0.5,1.0,0.583333,2.5,UNKNOWN,other,profile:mid|job:junior,"[""data analysis"", ""sql""]","[""1-3 years of experience"", ""business analysis""]"
0c962b52c84a4b5ced693be9,26244,1b518e4f-7731-41c8-9430-cf99b42181b0,validation,49.36,49.39126568614442,0.105263,0.166667,1.0,0.833333,1.0,EN,security,profile:senior|job:mid,"[""network security"", ""python""]","[""bash"", ""cd"", ""ci"", ""docker"", ""experience with aws"", ""firewall"", ""gcp"", ""information security"", ""linux"", ""minimum 3 years of experience in information security""]"
cf24f53c4a4f68faf3e310d3,14006,d64ceac7-4a7f-42dd-9108-bfc296b09389,validation,53.7,53.70972777357342,0.25,0.6,1.0,0.75,1.5,ID,cloud,profile:junior|job:entry,"[""cd"", ""ci"", ""kubernetes""]","[""and automation system guna memastikan performa"", ""devops engineer for managing ci""]"
01e976659c5111905d2fba09,68201,5649e616-8a7a-4017-b224-a337ba0f3540,validation,51.21,49.1860159187445,0.25,0.363636,1.0,0.416667,3.5,UNKNOWN,web,profile:senior|job:junior,"[""javascript"", ""node.js"", ""react"", ""sql""]","[""c++"", ""jquery"", ""maximum 3 years of experience"", ""minimum 1 years of experience"", ""mongodb"", ""mysql"", ""postgresql""]"
3dc5d37f5db076663f22314d,73119,1b518e4f-7731-41c8-9430-cf99b42181b0,validation,48.730000000000004,49.27669286009798,0.105263,0.166667,1.0,0.583333,2.5,EN,security,profile:junior|job:mid,"[""network security"", ""python""]","[""bash"", ""cd"", ""ci"", ""docker"", ""experience with aws"", ""firewall"", ""gcp"", ""information security"", ""linux"", ""minimum 3 years of experience in information security""]"
02267294066a50f582b404da,47608,34960d63-e71d-4c41-bf9c-7317ff1423f7,validation,50.339999999999996,50.52994009904548,0.1875,0.272727,1.0,0.583333,2.5,UNKNOWN,backend,profile:mid|job:junior,"[""java"", ""python"", ""sql""]","[""c++"", ""laravel"", ""microsoft sql server"", ""must have 1-3 years of experience"", ""mysql"", ""node.js"", ""php"", ""postgresql""]"
ea0cb18b5dd687c366af37c7,52927,e159d249-5674-4425-b16b-4fc81f9d92a5,validation,51.22,70.0,0.1,0.5,1.0,0.666667,2.0,UNKNOWN,software_engineering,profile:mid|job:lead,"[""python""]","[""hashmicro solusi indonesia is an it consulting company in indonesia that develops enterprise resource planning erp""]"
a9d6d4e892dd35cbbf6f5a7e,70925,1b518e4f-7731-41c8-9430-cf99b42181b0,validation,49.96,50.03120900713689,0.166667,0.25,1.0,0.583333,2.5,EN,security,profile:junior|job:mid,"[""docker"", ""network security"", ""python""]","[""bash"", ""cd"", ""ci"", ""experience with aws"", ""firewall"", ""gcp"", ""information security"", ""linux"", ""minimum 3 years of experience in information security""]"
024c6eefabb80b1a6e68a2ca,10513,f7699a36-8f89-41c3-b348-e880cf2fa612,validation,53.55,51.072956075430746,0.3125,0.454545,1.0,0.833333,1.0,EN,cloud,profile:senior|job:mid,"[""aws"", ""cd"", ""ci"", ""docker"", ""kubernetes""]","[""amazon web services aws"", ""analytical skills"", ""and analytical skills"", ""google cloud platform"", ""requires 3 to 5 years of experience in amazon web services aws"", ""teamwork""]"
c50d8a6f8d86e5d43d35be49,70495,48865a86-b0e8-4263-aa17-886b1537a63c,validation,49.45,48.98058928472612,0.12,0.157895,1.0,0.833333,1.0,EN,data,profile:senior|job:mid,"[""data analysis"", ""machine learning"", ""python""]","[""capable of analytical thinking and critical thinking"", ""data mining"", ""information systems"", ""microsoft dynamic nav"", ""minimum 2 years of experience in the same scope"", ""minimum s1 in informatics engineering"", ""r programming language"", ""sql"", ""tangerang"", ""understanding of data analysis techniques"", ""understanding of data mining"", ""understanding of machine learning"", ""understanding of microsoft dynamic nav operations"", ""understanding of programming platforms tools"", ""understanding of sql"", ""willing to be placed in cikupa""]"
62c72dfbf2bbe7220196054b,58370,34960d63-e71d-4c41-bf9c-7317ff1423f7,validation,50.22,50.19579536103149,0.176471,0.272727,1.0,0.583333,2.5,UNKNOWN,backend,profile:mid|job:junior,"[""java"", ""python"", ""sql""]","[""c++"", ""laravel"", ""microsoft sql server"", ""must have 1-3 years of experience"", ""mysql"", ""node.js"", ""php"", ""postgresql""]"
624c82b90207611e23249819,3091,2c65d27f-1d88-4230-91f6-bbc56dd7ce21,validation,51.449999999999996,50.842539819581944,0.181818,0.5,1.0,0.416667,3.5,UNKNOWN,other,profile:senior|job:junior,"[""data analysis"", ""sql""]","[""1-3 years of experience"", ""business analysis""]"
274fd739f3c9bea35dcd2bfa,29496,fe24dd5d-650d-4f08-9c5d-f74c28828426,validation,48.9,48.76480338862437,0.111111,0.181818,1.0,0.583333,2.5,EN,security,profile:junior|job:mid,"[""network security"", ""sql""]","[""3-5 years of experience in it security"", ""amazon web services aws"", ""aws"", ""iso 27001"", ""microsoft sql server"", ""penetration testing"", ""security analyst"", ""vulnerability assessment"", ""with knowledge of iso 27001 and aws""]"
9cd12883e1ce32c7e940ea40,63651,5649e616-8a7a-4017-b224-a337ba0f3540,validation,51.06,51.42503672075452,0.235294,0.363636,1.0,0.416667,3.5,UNKNOWN,web,profile:senior|job:junior,"[""javascript"", ""node.js"", ""react"", ""sql""]","[""c++"", ""jquery"", ""maximum 3 years of experience"", ""minimum 1 years of experience"", ""mongodb"", ""mysql"", ""postgresql""]"
7a994e1e3673c87487fecbb0,83939,2c65d27f-1d88-4230-91f6-bbc56dd7ce21,validation,51.870000000000005,70.0,0.181818,0.5,1.0,0.583333,2.5,UNKNOWN,other,profile:mid|job:junior,"[""data analysis"", ""sql""]","[""1-3 years of experience"", ""business analysis""]"
a600d36e754e9b47c74d737e,51186,34960d63-e71d-4c41-bf9c-7317ff1423f7,validation,50.22,49.94254019942115,0.176471,0.272727,1.0,0.583333,2.5,UNKNOWN,backend,profile:mid|job:junior,"[""java"", ""python"", ""sql""]","[""c++"", ""laravel"", ""microsoft sql server"", ""must have 1-3 years of experience"", ""mysql"", ""node.js"", ""php"", ""postgresql""]"
859b17cc81434d9d8e644f1f,11466,48865a86-b0e8-4263-aa17-886b1537a63c,validation,49.4,48.925511299406274,0.115385,0.157895,1.0,0.833333,1.0,EN,data,profile:senior|job:mid,"[""data analysis"", ""machine learning"", ""python""]","[""capable of analytical thinking and critical thinking"", ""data mining"", ""information systems"", ""microsoft dynamic nav"", ""minimum 2 years of experience in the same scope"", ""minimum s1 in informatics engineering"", ""r programming language"", ""sql"", ""tangerang"", ""understanding of data analysis techniques"", ""understanding of data mining"", ""understanding of machine learning"", ""understanding of microsoft dynamic nav operations"", ""understanding of programming platforms tools"", ""understanding of sql"", ""willing to be placed in cikupa""]"
12d2c3f59df996a8d2527457,78458,48865a86-b0e8-4263-aa17-886b1537a63c,validation,49.4,48.866756098936165,0.115385,0.157895,1.0,0.833333,1.0,EN,data,profile:senior|job:mid,"[""data analysis"", ""machine learning"", ""python""]","[""capable of analytical thinking and critical thinking"", ""data mining"", ""information systems"", ""microsoft dynamic nav"", ""minimum 2 years of experience in the same scope"", ""minimum s1 in informatics engineering"", ""r programming language"", ""sql"", ""tangerang"", ""understanding of data analysis techniques"", ""understanding of data mining"", ""understanding of machine learning"", ""understanding of microsoft dynamic nav operations"", ""understanding of programming platforms tools"", ""understanding of sql"", ""willing to be placed in cikupa""]"
26f9e509e799703ebc1ded9f,4856,2c65d27f-1d88-4230-91f6-bbc56dd7ce21,validation,51.870000000000005,54.55034470144376,0.181818,0.5,1.0,0.583333,2.5,UNKNOWN,other,profile:mid|job:junior,"[""data analysis"", ""sql""]","[""1-3 years of experience"", ""business analysis""]"
1c51d0e3ebfc92fa87936136,8346,2c65d27f-1d88-4230-91f6-bbc56dd7ce21,validation,51.99,70.0,0.153846,0.5,1.0,0.75,1.5,UNKNOWN,other,profile:entry|job:junior,"[""data analysis"", ""sql""]","[""1-3 years of experience"", ""business analysis""]"
814c51a095313ceeed5bb3c8,84525,f5b750c4-66cb-4508-a032-f196fe33c7de,validation,49.09,49.97974314302143,0.1,0.166667,1.0,0.75,1.5,EN,software_engineering,profile:entry|job:junior,"[""deep learning"", ""machine learning""]","[""1-3 years of experience in data mining"", ""and pattern recognition"", ""artificial intelligence"", ""computer vision"", ""data engineering"", ""data mining"", ""natural language processing nlp"", ""neural network"", ""pattern recognition"", ""redis""]"
7ce480a8313f727bd95e5034,686,922a4a95-008e-490e-a929-690302115cb4,validation,52.28,53.10855218490144,0.181818,0.5,1.0,0.75,1.5,EN,data,profile:entry|job:junior,"[""data analysis"", ""python""]","[""bachelor s degree in statistics or related field"", ""sql""]"
64e8600e8a8513d3af25ad46,81122,1291a780-bb51-4477-bd50-7a5bccf69b62,validation,50.739999999999995,52.04508932847298,0.166667,0.272727,1.0,0.833333,1.0,EN,backend,profile:senior|job:mid,"[""git"", ""java"", ""python""]","[""and mongodb"", ""docker"", ""java springboot"", ""mongodb"", ""mysql"", ""postgresql"", ""proficient in java"", ""requires 3-5 years of experience""]"
8eb4525da68e4fb4542a21b6,84565,922a4a95-008e-490e-a929-690302115cb4,validation,51.870000000000005,51.75219523462686,0.181818,0.5,1.0,0.583333,2.5,EN,data,profile:mid|job:junior,"[""data analysis"", ""python""]","[""bachelor s degree in statistics or related field"", ""sql""]"
599461bcb41bb513b3daa021,12797,34960d63-e71d-4c41-bf9c-7317ff1423f7,validation,50.63999999999999,50.06478534117813,0.176471,0.272727,1.0,0.75,1.5,UNKNOWN,backend,profile:entry|job:junior,"[""java"", ""python"", ""sql""]","[""c++"", ""laravel"", ""microsoft sql server"", ""must have 1-3 years of experience"", ""mysql"", ""node.js"", ""php"", ""postgresql""]"
8eaf9882b63f435193a97ab9,34582,36f15f05-01b3-496a-98e4-0ea24806953e,validation,50.38,50.23694002723867,0.166667,0.25,1.0,0.75,1.5,UNKNOWN,software_engineering,profile:junior|job:entry,"[""deep learning"", ""machine learning"", ""python""]","[""artificial intelligence"", ""computer vision"", ""data engineering"", ""data integration"", ""data mining"", ""maximum 5 years of experience"", ""microsoft sql server"", ""minimum 3 years of experience"", ""sql""]"
fa2ddac549c630350c74b0f7,58118,48865a86-b0e8-4263-aa17-886b1537a63c,validation,49.45,48.941721054213914,0.12,0.157895,1.0,0.833333,1.0,EN,data,profile:senior|job:mid,"[""data analysis"", ""machine learning"", ""python""]","[""capable of analytical thinking and critical thinking"", ""data mining"", ""information systems"", ""microsoft dynamic nav"", ""minimum 2 years of experience in the same scope"", ""minimum s1 in informatics engineering"", ""r programming language"", ""sql"", ""tangerang"", ""understanding of data analysis techniques"", ""understanding of data mining"", ""understanding of machine learning"", ""understanding of microsoft dynamic nav operations"", ""understanding of programming platforms tools"", ""understanding of sql"", ""willing to be placed in cikupa""]"
a92f27fca36344c5271ef2b3,85257,95898330-75ae-4092-8ba1-8bdcc0f534fc,validation,2.0,3.394486498689964,0.0,0.0,1.0,0.0,6.0,EN,software_engineering,profile:entry|job:lead,[],"[""azure"", ""senior azure engineer""]"
b16ba8a187ef3b633407ce97,28740,30b6f974-d31d-4207-82e6-518697475d83,validation,5.33,5.595433233442295,0.0,0.0,1.0,0.333333,4.0,EN,data,profile:mid|job:entry,[],"[""atau google data studio menjadi nilai tambah"", ""memahami sql and tools bi misalnya power bi"", ""memiliki kemampuan analitis"", ""problem solving"", ""sql"", ""tableau""]"
28b49371c3c82b692e02b4f4,14257,12dbdc53-5304-4f61-b3d7-3da1df80951b,validation,4.5,4.86920321807354,0.0,0.0,1.0,0.25,4.5,EN,software_engineering,profile:junior|job:lead,[],"[""as senior engineering manager"", ""early applicant"", ""jadilah pelamar pertama"", ""you will be responsible for managing a team of engineers to deliver a high quality product to our customers""]"
5d74907d617c41312674c1d1,556,bba86670-55ac-4311-9cb9-d9c80f8a642c,validation,5.33,5.083469567321218,0.0,0.0,1.0,0.333333,4.0,EN,web,profile:mid|job:entry,[],"[""and secure digital ecosystem"", ""and user access management"", ""network infrastructure"", ""system administration"", ""webmaster""]"
0b6c399df51605ccc0c922e4,44124,d4de209a-8793-4d23-b35f-d4e0a73e53d8,validation,5.33,5.083469567321218,0.0,0.0,1.0,0.333333,4.0,EN,other,profile:mid|job:entry,[],"[""bachelor s degree in it"", ""computer related major from reputable university with gpa 3.00"", ""familiar and deep understanding in network and server"", ""fresh graduates are welcome to apply"", ""helpdesk"", ""it support"", ""network"", ""noc"", ""payment systems"", ""server"", ""system development life cycle"", ""troubleshooting"", ""understand it software""]"
af8e1c451db24aa679e6cab4,9657,956598d7-3d4c-4d37-b331-d5e75716d71a,validation,5.33,5.0618433376765735,0.0,0.0,1.0,0.333333,4.0,EN,other,profile:mid|job:entry,[],"[""adobe photoshop"", ""and image editing"", ""figma"", ""image editing"", ""requires 0 to 1 years of experience"", ""skills include figma""]"
904f66161943d0b9f916702a,47601,8bc1037f-f0ac-442b-a2bc-9065a27b2eb2,validation,5.33,6.78564677566782,0.0,0.0,1.0,0.333333,4.0,EN,software_engineering,profile:mid|job:entry,[],"[""bachelor s degree in computer science or equivalent degree"", ""building reusable frontend components and reusable backend services for future use"", ""design and build advanced applications for the web platform and build complex monolith or microservices on backend platform"", ""experience in web technologies using react js"", ""experience with version control"", ""express"", ""express.js"", ""flutter web"", ""good algorithm knowledge"", ""microservices"", ""next.js"", ""proficient knowledge of the back-end programming techstack such as nodejs"", ""react"", ""sequelize"", ""sql"", ""sql no sql db""]"
24cb8734e68dd11b6e1d5521,77391,82a60cc1-c864-407a-9908-b8511d8abffe,validation,4.5,6.010654753464572,0.0,0.0,1.0,0.25,4.5,MIXED,security,profile:junior|job:lead,[],"[""bertugas membantu technical manager for memberikan solusi and penyelesaian pekerjaan that terbaik for client perusahaan serta tepat waktu"", ""programming""]"
390e78e4bc7e335ea7fc088e,62023,34957dc8-dba2-41fc-b72b-103319f577b3,validation,2.0,3.7101085832687577,0.0,0.0,1.0,0.0,6.0,EN,security,profile:entry|job:lead,[],"[""a risk and security management company is looking for a candidates to lead a team in a remote area location"", ""effective communication""]"
b6c2128e73d4f5f34c143247,25798,1568b909-880e-4ea8-be33-3dddc94b1ad5,validation,2.0,2.1525919385850094,0.0,0.0,1.0,0.0,6.0,EN,software_engineering,profile:entry|job:lead,[],"[""lead and independently manage day-to-day information clarification requests from regulatory authorities"", ""programming""]"
865d4bb57d295c2ae6f773e6,70756,fcfb37ff-8829-4985-ad59-dd3b47cbe255,validation,2.0,2.1525919385850094,0.0,0.0,1.0,0.0,6.0,EN,other,profile:entry|job:lead,[],"[""has core competencies relevant to the head of software solutions role"", ""software solutions"", ""team leadership""]"
902e0991ac5ecf4a548a4df0,46524,0a7cb4eb-5d2f-4238-a891-04f73b756906,validation,3.6700000000000004,5.0552868357318586,0.0,0.0,1.0,0.166667,5.0,UNKNOWN,other,profile:senior|job:entry,[],"[""effective communication"", ""it business analyst""]"
10a494cccfb7d7191f6ded17,23521,b3aa30b1-78c2-42c2-a476-4d31d5d473c1,validation,5.33,7.3825026403817615,0.0,0.0,1.0,0.333333,4.0,UNKNOWN,web,profile:mid|job:entry,[],"[""akan segera berakhir"", ""expires soon"", ""has core competencies relevant to the web developer role""]"
7435602af960db000b40688a,63012,6267e1bb-4794-4a15-a6fc-f6b034b97c43,validation,5.33,5.167160081767331,0.0,0.0,1.0,0.333333,4.0,EN,data,profile:mid|job:entry,[],"[""and delivering actionable insights to"", ""customer service"", ""we are looking for a data analyst to support the customer service team by managing data""]"
7425fa142ddc7b54dbdc8c1f,8127,98e8fba4-464b-4a78-8262-dd922baba7c2,validation,4.5,4.505496682675235,0.0,0.0,1.0,0.25,4.5,EN,other,profile:junior|job:lead,[],"[""akan segera berakhir"", ""and deliver high-quality it solutions aligned with business and user needs"", ""expires soon"", ""qa teams to drive product strategy""]"
b851a7dc71dd9bc3ae84f286,69432,bce11cb7-2ad1-430b-ba32-8ee020ad78a4,validation,2.0,2.1755252108767986,0.0,0.0,1.0,0.0,6.0,EN,other,profile:entry|job:lead,[],"[""it infrastructure management"", ""minimum 5 years of experience in it infrastructure management"", ""network engineering"", ""team leadership"", ""with a strong understanding of network technologies""]"
d9d0cf99b6395f298c68f105,42103,9550a19f-f4e2-4e3f-893b-757282eb74e2,validation,3.6700000000000004,5.033825945922674,0.0,0.0,1.0,0.166667,5.0,UNKNOWN,data,profile:senior|job:entry,[],"[""data analysis skills"", ""effective communication""]"
8d98c7a6fd7ff60f33a8a962,15524,95898330-75ae-4092-8ba1-8bdcc0f534fc,validation,4.5,4.915943304971318,0.0,0.0,1.0,0.25,4.5,EN,software_engineering,profile:junior|job:lead,[],"[""azure"", ""senior azure engineer""]"
3169b7579fcd9d99e5509354,22525,2b4647d4-b169-41e3-be99-9427371b8028,validation,2.0,2.8311197196479294,0.0,0.0,1.0,0.0,6.0,EN,backend,profile:entry|job:lead,[],"[""come join the consumer experience cx engineering team"", ""early applicant"", ""jadilah pelamar pertama"", ""we work on a diverse set of consumer problems spanning across core experiences that power""]"
6216788699552bb24c27fdec,11010,b3aa30b1-78c2-42c2-a476-4d31d5d473c1,validation,3.6700000000000004,4.53883453593422,0.0,0.0,1.0,0.166667,5.0,UNKNOWN,web,profile:senior|job:entry,[],"[""akan segera berakhir"", ""expires soon"", ""has core competencies relevant to the web developer role""]"
